<?xml version="1.0" encoding="UTF-8" ?>
<!DOCTYPE mapper
        PUBLIC "-//mybatis.org//DTD Mapper 3.0//EN"
        "http://mybatis.org/dtd/mybatis-3-mapper.dtd">

<mapper namespace="com.example.motorcycle.mapper.EnginesMapper">

        <!-- resultMap 정의 -->
        <resultMap id="enginesResultMap" type="com.example.motorcycle.domain.Engines">
                <id property="motorcycleID" column="motorcycleID" />
                <result property="engine" column="engine" />
                <result property="capacity" column="capacity" />
                <result property="boreStroke" column="bore_stroke" />
                <result property="compressionRatio" column="compression_ratio" />
                <result property="coolingSystem" column="cooling_system" />
                <result property="lubrication" column="lubrication" />
                <result property="maxPower" column="max_power" />
                <result property="maxTorque" column="max_torque" />
                <result property="fuelSystem" column="fuel_system" />
                <result property="exhaust" column="exhaust" />
                <result property="engineOil" column="engine_oil" />
                <result property="mixtureControl" column="mixture_control" />
                <result property="emission" column="emission" />
                <result property="induction" column="induction" />
        </resultMap>

        <!-- 데이터 삽입 -->
        <insert id="insertEnginesData" parameterType="com.example.motorcycle.domain.Engines">
                INSERT INTO Engines (motorcycleID, engine, capacity, bore_stroke, compression_ratio, cooling_system, lubrication, max_power, max_torque, fuel_system, exhaust, engine_oil, mixture_control, emission, induction)
                VALUES (#{motorcycleID}, #{engine}, #{capacity}, #{boreStroke}, #{compressionRatio}, #{coolingSystem}, #{lubrication}, #{maxPower}, #{maxTorque}, #{fuelSystem}, #{exhaust}, #{engineOil}, #{mixtureControl}, #{emission}, #{induction})
        </insert>

        <!-- 데이터 조회 -->
        <select id="findByMotorcycleId" parameterType="long" resultMap="enginesResultMap">
                SELECT * FROM Engines WHERE motorcycleID = #{motorcycleID}
        </select>

        <!-- 데이터 업데이트 -->
        <update id="updateEnginesData" parameterType="com.example.motorcycle.domain.Engines">
                UPDATE Engines
                SET engine = #{engine}, capacity = #{capacity}, bore_stroke = #{boreStroke}, compression_ratio = #{compressionRatio},
                    cooling_system = #{coolingSystem}, lubrication = #{lubrication}, max_power = #{maxPower}, max_torque = #{maxTorque},
                    fuel_system = #{fuelSystem}, exhaust = #{exhaust}, engine_oil = #{engineOil}, mixture_control = #{mixtureControl},
                    emission = #{emission}, induction = #{induction}
                WHERE motorcycleID = #{motorcycleID}
        </update>

        <!-- 데이터 삭제 -->
        <delete id="deleteEnginesData" parameterType="long">
                DELETE FROM Engines WHERE motorcycleID = #{motorcycleID}
        </delete>

</mapper>