<?xml version="1.0" encoding="UTF-8" ?>
<!DOCTYPE mapper
        PUBLIC "-//mybatis.org//DTD Mapper 3.0//EN"
        "http://mybatis.org/dtd/mybatis-3-mapper.dtd">

<mapper namespace="com.example.motorcycle.mapper.TransmissionsMapper">

        <!-- resultMap 정의 -->
        <resultMap id="transmissionsResultMap" type="com.example.motorcycle.domain.Transmissions">
                <id property="motorcycleID" column="motorcycleID" />
                <result property="transmission_drive" column="transmission_drive" />
                <result property="transmission" column="transmission" />
                <result property="final_drive" column="final_drive" />
                <result property="primary_drive_ratio" column="primary_drive_ratio" />
                <result property="primary_ratio" column="primary_ratio" />
                <result property="gear_ratio" column="gear_ratio" />
                <result property="transmission_ratio" column="transmission_ratio" />
                <result property="secondary_ratio" column="secondary_ratio" />
                <result property="gear_ratios" column="gear_ratios" />
                <result property="clutch" column="clutch" />
        </resultMap>

        <!-- 데이터 삽입 -->
        <insert id="insertTransmissionsData" parameterType="com.example.motorcycle.domain.Transmissions">
                INSERT INTO Transmissions (motorcycleID, transmission_drive, transmission, final_drive, primary_drive_ratio, primary_ratio, gear_ratio, transmission_ratio, secondary_ratio, gear_ratios, clutch)
                VALUES (#{motorcycleID}, #{transmission_drive}, #{transmission}, #{final_drive}, #{primary_drive_ratio}, #{primary_ratio}, #{gear_ratio}, #{transmission_ratio}, #{secondary_ratio}, #{gear_ratios}, #{clutch})
        </insert>

        <!-- 데이터 조회 -->
        <select id="findByMotorcycleId" parameterType="long" resultMap="transmissionsResultMap">
                SELECT * FROM Transmissions WHERE motorcycleID = #{motorcycleID}
        </select>

        <!-- 데이터 업데이트 -->
        <update id="updateTransmissionsData" parameterType="com.example.motorcycle.domain.Transmissions">
                UPDATE Transmissions
                SET transmission_drive = #{transmission_drive}, transmission = #{transmission}, final_drive = #{final_drive},
                    primary_drive_ratio = #{primary_drive_ratio}, primary_ratio = #{primary_ratio}, gear_ratio = #{gear_ratio},
                    transmission_ratio = #{transmission_ratio}, secondary_ratio = #{secondary_ratio}, gear_ratios = #{gear_ratios},
                    clutch = #{clutch}
                WHERE motorcycleID = #{motorcycleID}
        </update>

        <!-- 데이터 삭제 -->
        <delete id="deleteTransmissionsData" parameterType="long">
                DELETE FROM Transmissions WHERE motorcycleID = #{motorcycleID}
        </delete>

</mapper>